user_id,user_email,package_id
71,sudikshya@gmail.com,205
71,sudikshya@gmail.com,195
71,sudikshya@gmail.com,153
71,sudikshya@gmail.com,129
71,sudikshya@gmail.com,163
71,sudikshya@gmail.com,228
71,sudikshya@gmail.com,172
71,sudikshya@gmail.com,198
71,sudikshya@gmail.com,192
71,sudikshya@gmail.com,250
72,sudikshya@example.com,210
72,sudikshya@example.com,203
72,sudikshya@example.com,150
72,sudikshya@example.com,164
72,sudikshya@example.com,245
72,sudikshya@example.com,144
72,sudikshya@example.com,131
73,sudikshya@exampl.com,217
73,sudikshya@exampl.com,230
73,sudikshya@exampl.com,128
73,sudikshya@exampl.com,137
73,sudikshya@exampl.com,103
73,sudikshya@exampl.com,137
73,sudikshya@exampl.com,189
73,sudikshya@exampl.com,238
73,sudikshya@exampl.com,216
73,sudikshya@exampl.com,109
111,user1@example.com,250
111,user1@example.com,205
111,user1@example.com,101
111,user1@example.com,114
111,user1@example.com,229
111,user1@example.com,190
111,user1@example.com,190
111,user1@example.com,134
111,user1@example.com,134
111,user1@example.com,134
111,user1@example.com,134
111,user1@example.com,232
111,user1@example.com,232
111,user1@example.com,232
111,user1@example.com,232
111,user1@example.com,190
111,user1@example.com,134
111,user1@example.com,134
111,user1@example.com,134
111,user1@example.com,134
111,user1@example.com,119
111,user1@example.com,119
111,user1@example.com,119
111,user1@example.com,119
111,user1@example.com,219
111,user1@example.com,219
111,user1@example.com,219
111,user1@example.com,219
111,user1@example.com,166
111,user1@example.com,166
111,user1@example.com,166
111,user1@example.com,166
111,user1@example.com,201
111,user1@example.com,201
111,user1@example.com,201
111,user1@example.com,201
111,user1@example.com,195
111,user1@example.com,195
111,user1@example.com,195
111,user1@example.com,195
111,user1@example.com,134
111,user1@example.com,134
111,user1@example.com,134
111,user1@example.com,134
111,user1@example.com,232
111,user1@example.com,232
111,user1@example.com,232
111,user1@example.com,232
111,user1@example.com,134
111,user1@example.com,134
111,user1@example.com,134
111,user1@example.com,134
111,user1@example.com,226
111,user1@example.com,226
111,user1@example.com,226
111,user1@example.com,226
111,user1@example.com,134
111,user1@example.com,134
111,user1@example.com,134
111,user1@example.com,134
111,user1@example.com,134
111,user1@example.com,134
111,user1@example.com,134
111,user1@example.com,134
111,user1@example.com,232
111,user1@example.com,232
111,user1@example.com,232
111,user1@example.com,232
112,user2@example.com,232
112,user2@example.com,134
112,user2@example.com,212
112,user2@example.com,229
112,user2@example.com,110
112,user2@example.com,180
112,user2@example.com,200
112,user2@example.com,201
112,user2@example.com,234
113,user3@example.com,155
113,user3@example.com,226
113,user3@example.com,108
113,user3@example.com,173
113,user3@example.com,186
113,user3@example.com,194
113,user3@example.com,154
114,user4@example.com,193
114,user4@example.com,155
114,user4@example.com,161
114,user4@example.com,173
114,user4@example.com,225
114,user4@example.com,181
114,user4@example.com,165
114,user4@example.com,165
114,user4@example.com,165
114,user4@example.com,165
114,user4@example.com,180
114,user4@example.com,180
114,user4@example.com,180
114,user4@example.com,180
115,user5@example.com,209
115,user5@example.com,231
115,user5@example.com,178
115,user5@example.com,175
115,user5@example.com,228
115,user5@example.com,187
116,user6@example.com,194
116,user6@example.com,197
116,user6@example.com,173
116,user6@example.com,235
116,user6@example.com,203
117,user7@example.com,114
117,user7@example.com,189
117,user7@example.com,168
117,user7@example.com,126
117,user7@example.com,216
117,user7@example.com,143
117,user7@example.com,185
117,user7@example.com,220
117,user7@example.com,210
117,user7@example.com,154
118,user8@example.com,168
118,user8@example.com,240
118,user8@example.com,113
118,user8@example.com,187
118,user8@example.com,130
118,user8@example.com,244
118,user8@example.com,243
119,user9@example.com,142
119,user9@example.com,169
119,user9@example.com,180
119,user9@example.com,110
119,user9@example.com,194
119,user9@example.com,102
119,user9@example.com,123
119,user9@example.com,187
119,user9@example.com,138
120,user10@example.com,198
120,user10@example.com,169
120,user10@example.com,243
120,user10@example.com,204
120,user10@example.com,182
120,user10@example.com,164
120,user10@example.com,150
121,user11@example.com,241
121,user11@example.com,201
121,user11@example.com,101
122,user12@example.com,176
122,user12@example.com,180
122,user12@example.com,105
122,user12@example.com,165
122,user12@example.com,129
123,user13@example.com,186
123,user13@example.com,234
123,user13@example.com,236
123,user13@example.com,191
123,user13@example.com,228
123,user13@example.com,139
123,user13@example.com,197
123,user13@example.com,180
123,user13@example.com,101
123,user13@example.com,120
124,user14@example.com,142
124,user14@example.com,221
124,user14@example.com,179
124,user14@example.com,159
124,user14@example.com,186
124,user14@example.com,215
124,user14@example.com,125
124,user14@example.com,105
124,user14@example.com,149
124,user14@example.com,238
124,user14@example.com,241
125,user15@example.com,192
125,user15@example.com,173
125,user15@example.com,218
126,user16@example.com,151
126,user16@example.com,188
126,user16@example.com,136
126,user16@example.com,199
126,user16@example.com,201
126,user16@example.com,125
126,user16@example.com,112
126,user16@example.com,225
127,user17@example.com,178
127,user17@example.com,228
127,user17@example.com,230
127,user17@example.com,202
127,user17@example.com,117
127,user17@example.com,176
127,user17@example.com,145
127,user17@example.com,171
128,user18@example.com,143
128,user18@example.com,177
128,user18@example.com,187
128,user18@example.com,114
128,user18@example.com,171
128,user18@example.com,104
128,user18@example.com,194
129,user19@example.com,136
129,user19@example.com,109
129,user19@example.com,108
129,user19@example.com,162
129,user19@example.com,226
129,user19@example.com,249
130,user20@example.com,101
130,user20@example.com,199
130,user20@example.com,177
130,user20@example.com,210
130,user20@example.com,245
130,user20@example.com,247
130,user20@example.com,124
130,user20@example.com,215
130,user20@example.com,159
131,user21@example.com,226
131,user21@example.com,105
131,user21@example.com,124
131,user21@example.com,182
131,user21@example.com,179
131,user21@example.com,210
131,user21@example.com,165
131,user21@example.com,240
132,user22@example.com,196
132,user22@example.com,184
132,user22@example.com,117
132,user22@example.com,169
132,user22@example.com,246
132,user22@example.com,190
132,user22@example.com,239
133,user23@example.com,160
133,user23@example.com,207
133,user23@example.com,162
133,user23@example.com,201
133,user23@example.com,237
133,user23@example.com,146
133,user23@example.com,139
133,user23@example.com,155
134,user24@example.com,114
134,user24@example.com,142
134,user24@example.com,156
134,user24@example.com,132
134,user24@example.com,112
134,user24@example.com,166
134,user24@example.com,184
134,user24@example.com,197
135,user25@example.com,113
135,user25@example.com,250
135,user25@example.com,155
135,user25@example.com,182
135,user25@example.com,105
135,user25@example.com,164
136,user26@example.com,101
136,user26@example.com,186
136,user26@example.com,122
136,user26@example.com,214
136,user26@example.com,143
137,user27@example.com,125
137,user27@example.com,161
137,user27@example.com,121
137,user27@example.com,235
137,user27@example.com,201
138,user28@example.com,237
138,user28@example.com,197
138,user28@example.com,115
138,user28@example.com,128
138,user28@example.com,230
138,user28@example.com,130
138,user28@example.com,142
138,user28@example.com,148
139,user29@example.com,214
139,user29@example.com,220
139,user29@example.com,139
140,user30@example.com,186
140,user30@example.com,237
140,user30@example.com,227
140,user30@example.com,240
140,user30@example.com,170
141,user31@example.com,159
141,user31@example.com,150
141,user31@example.com,121
141,user31@example.com,189
141,user31@example.com,107
141,user31@example.com,247
141,user31@example.com,165
141,user31@example.com,216
141,user31@example.com,107
141,user31@example.com,192
141,user31@example.com,130
142,user32@example.com,174
142,user32@example.com,226
142,user32@example.com,249
142,user32@example.com,168
142,user32@example.com,126
142,user32@example.com,122
143,user33@example.com,106
143,user33@example.com,213
143,user33@example.com,201
143,user33@example.com,207
143,user33@example.com,237
143,user33@example.com,201
143,user33@example.com,206
143,user33@example.com,135
143,user33@example.com,145
143,user33@example.com,122
144,user34@example.com,223
144,user34@example.com,138
144,user34@example.com,132
144,user34@example.com,184
144,user34@example.com,249
144,user34@example.com,106
144,user34@example.com,159
144,user34@example.com,121
144,user34@example.com,209
144,user34@example.com,220
144,user34@example.com,142
144,user34@example.com,134
144,user34@example.com,134
144,user34@example.com,134
144,user34@example.com,134
144,user34@example.com,134
144,user34@example.com,134
144,user34@example.com,134
144,user34@example.com,134
144,user34@example.com,134
144,user34@example.com,134
144,user34@example.com,134
144,user34@example.com,134
144,user34@example.com,134
144,user34@example.com,134
144,user34@example.com,134
145,user35@example.com,160
145,user35@example.com,188
145,user35@example.com,127
145,user35@example.com,152
146,user36@example.com,201
146,user36@example.com,121
147,user37@example.com,133
147,user37@example.com,250
147,user37@example.com,111
147,user37@example.com,205
147,user37@example.com,112
147,user37@example.com,226
147,user37@example.com,175
148,user38@example.com,153
148,user38@example.com,167
148,user38@example.com,147
148,user38@example.com,194
148,user38@example.com,211
149,user39@example.com,139
149,user39@example.com,171
149,user39@example.com,206
149,user39@example.com,114
149,user39@example.com,102
149,user39@example.com,193
150,user40@example.com,139
150,user40@example.com,204
150,user40@example.com,104
150,user40@example.com,160
150,user40@example.com,200
150,user40@example.com,211
150,user40@example.com,203
